driver_number,position,date,session_key,meeting_key
1,1,2023-03-04T16:00:52.386000+00:00,7768,1141
2,16,2023-03-04T15:26:33.439000+00:00,7768,1141
4,11,2023-03-04T15:49:08.899000+00:00,7768,1141
10,20,2023-03-04T15:28:56.265000+00:00,7768,1141
11,2,2023-03-04T16:09:01.784000+00:00,7768,1141
14,5,2023-03-04T16:09:11.002000+00:00,7768,1141
16,3,2023-03-04T16:09:01.784000+00:00,7768,1141
18,8,2023-03-04T16:05:27.413000+00:00,7768,1141
20,17,2023-03-04T15:28:56.265000+00:00,7768,1141
21,19,2023-03-04T15:28:56.265000+00:00,7768,1141
22,14,2023-03-04T15:40:23.877000+00:00,7768,1141
23,15,2023-03-04T15:36:45.866000+00:00,7768,1141
24,13,2023-03-04T15:49:08.899000+00:00,7768,1141
27,10,2023-03-04T16:08:34.878000+00:00,7768,1141
31,9,2023-03-04T16:08:34.878000+00:00,7768,1141
44,7,2023-03-04T16:05:25.616000+00:00,7768,1141
55,4,2023-03-04T16:09:11.002000+00:00,7768,1141
63,6,2023-03-04T16:09:11.002000+00:00,7768,1141
77,12,2023-03-04T15:49:08.899000+00:00,7768,1141
81,18,2023-03-04T15:28:56.265000+00:00,7768,1141
1,15,2023-03-18T17:33:08.664000+00:00,7775,1142
2,20,2023-03-18T17:11:11.882000+00:00,7775,1142
4,19,2023-03-18T17:19:05.501000+00:00,7775,1142
10,10,2023-03-18T18:00:05.192000+00:00,7775,1142
11,1,2023-03-18T17:53:35.743000+00:00,7775,1142
14,3,2023-03-18T18:00:44.254000+00:00,7775,1142
16,2,2023-03-18T18:00:44.254000+00:00,7775,1142
18,6,2023-03-18T18:01:04.426000+00:00,7775,1142
20,13,2023-03-18T17:41:07.596000+00:00,7775,1142
21,18,2023-03-18T17:19:05.501000+00:00,7775,1142
22,16,2023-03-18T17:19:24.814000+00:00,7775,1142
23,17,2023-03-18T17:19:24.814000+00:00,7775,1142
24,12,2023-03-18T17:41:07.596000+00:00,7775,1142
27,11,2023-03-18T17:41:07.596000+00:00,7775,1142
31,7,2023-03-18T18:01:04.426000+00:00,7775,1142
44,8,2023-03-18T18:01:04.426000+00:00,7775,1142
55,5,2023-03-18T18:01:04.426000+00:00,7775,1142
63,4,2023-03-18T17:59:28.958000+00:00,7775,1142
77,14,2023-03-18T17:41:07.596000+00:00,7775,1142
81,9,2023-03-18T18:01:04.426000+00:00,7775,1142
1,1,2023-04-01T06:01:55.653000+00:00,7783,1143
2,18,2023-04-01T05:26:05.443000+00:00,7783,1143
4,13,2023-04-01T05:49:09.505000+00:00,7783,1143
10,9,2023-04-01T06:04:25.307000+00:00,7783,1143
11,20,2023-04-01T05:17:44.230000+00:00,7783,1143
14,4,2023-04-01T06:08:14.383000+00:00,7783,1143
16,7,2023-04-01T06:08:02.742000+00:00,7783,1143
18,6,2023-04-01T06:08:11.164000+00:00,7783,1143
20,14,2023-04-01T05:49:09.505000+00:00,7783,1143
21,15,2023-04-01T05:48:50.224000+00:00,7783,1143
22,12,2023-04-01T05:48:50.224000+00:00,7783,1143
23,8,2023-04-01T06:04:25.307000+00:00,7783,1143
24,17,2023-04-01T05:26:05.443000+00:00,7783,1143
27,10,2023-04-01T06:04:25.307000+00:00,7783,1143
31,11,2023-04-01T05:47:50.209000+00:00,7783,1143
44,3,2023-04-01T06:08:14.383000+00:00,7783,1143
55,5,2023-04-01T06:08:14.383000+00:00,7783,1143
63,2,2023-04-01T06:08:11.164000+00:00,7783,1143
77,19,2023-04-01T05:22:44.258000+00:00,7783,1143
81,16,2023-04-01T05:26:05.443000+00:00,7783,1143
1,2,2023-04-28T14:26:17.821000+00:00,9064,1207
2,15,2023-04-28T14:03:40.323000+00:00,9064,1207
4,7,2023-04-28T14:27:22.743000+00:00,9064,1207
10,19,2023-04-28T13:41:22.336000+00:00,9064,1207
11,3,2023-04-28T14:19:00.436000+00:00,9064,1207
14,6,2023-04-28T14:26:44.274000+00:00,9064,1207
16,1,2023-04-28T14:26:17.821000+00:00,9064,1207
18,9,2023-04-28T14:27:06.711000+00:00,9064,1207
20,18,2023-04-28T13:41:44.867000+00:00,9064,1207
21,20,2023-04-28T13:41:22.336000+00:00,9064,1207
22,8,2023-04-28T14:27:22.743000+00:00,9064,1207
23,13,2023-04-28T14:07:36.022000+00:00,9064,1207
24,16,2023-04-28T13:45:50.427000+00:00,9064,1207
27,17,2023-04-28T13:45:50.427000+00:00,9064,1207
31,12,2023-04-28T14:07:36.022000+00:00,9064,1207
44,5,2023-04-28T14:19:11.857000+00:00,9064,1207
55,4,2023-04-28T14:19:00.436000+00:00,9064,1207
63,11,2023-04-28T14:07:36.022000+00:00,9064,1207
77,14,2023-04-28T14:03:40.323000+00:00,9064,1207
81,10,2023-04-28T14:27:06.711000+00:00,9064,1207
1,9,2023-05-06T20:52:44.988000+00:00,9074,1208
2,20,2023-05-06T20:18:52.290000+00:00,9074,1208
4,16,2023-05-06T20:18:52.290000+00:00,9074,1208
10,5,2023-05-06T20:52:44.988000+00:00,9074,1208
11,1,2023-05-06T20:51:40.599000+00:00,9074,1208
14,2,2023-05-06T20:51:52.474000+00:00,9074,1208
16,7,2023-05-06T20:52:44.988000+00:00,9074,1208
18,18,2023-05-06T20:18:52.290000+00:00,9074,1208
20,4,2023-05-06T20:52:44.988000+00:00,9074,1208
21,15,2023-05-06T20:36:50.083000+00:00,9074,1208
22,17,2023-05-06T20:18:52.290000+00:00,9074,1208
23,11,2023-05-06T20:40:42.189000+00:00,9074,1208
24,14,2023-05-06T20:40:27.626000+00:00,9074,1208
27,12,2023-05-06T20:40:23.486000+00:00,9074,1208
31,8,2023-05-06T20:52:44.988000+00:00,9074,1208
44,13,2023-05-06T20:40:27.626000+00:00,9074,1208
55,3,2023-05-06T20:52:44.988000+00:00,9074,1208
63,6,2023-05-06T20:52:44.988000+00:00,9074,1208
77,10,2023-05-06T20:48:56.821000+00:00,9074,1208
81,19,2023-05-06T20:18:52.290000+00:00,9074,1208
1,1,2023-05-27T15:11:15.606000+00:00,9090,1210
2,16,2023-05-27T14:29:19.134000+00:00,9090,1210
4,10,2023-05-27T15:11:08.028000+00:00,9090,1210
10,7,2023-05-27T15:08:03.327000+00:00,9090,1210
11,20,2023-05-27T14:26:05.199000+00:00,9090,1210
14,2,2023-05-27T15:11:15.606000+00:00,9090,1210
16,3,2023-05-27T15:11:15.606000+00:00,9090,1210
18,14,2023-05-27T14:51:23.682000+00:00,9090,1210
20,17,2023-05-27T14:29:19.134000+00:00,9090,1210
21,12,2023-05-27T14:51:49.650000+00:00,9090,1210
22,9,2023-05-27T15:11:08.028000+00:00,9090,1210
23,13,2023-05-27T14:51:23.682000+00:00,9090,1210
24,19,2023-05-27T14:29:06.041000+00:00,9090,1210
27,18,2023-05-27T14:29:19.134000+00:00,9090,1210
31,4,2023-05-27T15:11:15.606000+00:00,9090,1210
44,6,2023-05-27T15:09:48.669000+00:00,9090,1210
55,5,2023-05-27T15:11:15.606000+00:00,9090,1210
63,8,2023-05-27T15:08:03.327000+00:00,9090,1210
77,15,2023-05-27T14:51:23.682000+00:00,9090,1210
81,11,2023-05-27T14:51:49.650000+00:00,9090,1210
1,1,2023-06-03T15:01:01.910000+00:00,9098,1211
2,20,2023-06-03T14:26:18.619000+00:00,9098,1211
4,3,2023-06-03T15:09:11.682000+00:00,9098,1211
10,4,2023-06-03T15:09:23.870000+00:00,9098,1211
11,11,2023-06-03T14:49:55.563000+00:00,9098,1211
14,9,2023-06-03T15:09:23.870000+00:00,9098,1211
16,19,2023-06-03T14:27:07.149000+00:00,9098,1211
18,6,2023-06-03T15:09:37.151000+00:00,9098,1211
20,17,2023-06-03T14:27:07.149000+00:00,9098,1211
21,14,2023-06-03T14:49:49.813000+00:00,9098,1211
22,15,2023-06-03T14:49:49.813000+00:00,9098,1211
23,18,2023-06-03T14:27:07.149000+00:00,9098,1211
24,13,2023-06-03T14:49:55.563000+00:00,9098,1211
27,8,2023-06-03T15:09:23.870000+00:00,9098,1211
31,7,2023-06-03T15:09:37.151000+00:00,9098,1211
44,5,2023-06-03T15:09:37.151000+00:00,9098,1211
55,2,2023-06-03T15:08:56.276000+00:00,9098,1211
63,12,2023-06-03T14:49:55.563000+00:00,9098,1211
77,16,2023-06-03T14:27:07.149000+00:00,9098,1211
81,10,2023-06-03T15:09:23.870000+00:00,9098,1211
1,1,2023-06-17T20:58:06.547000+00:00,9106,1212
2,19,2023-06-17T20:25:53.003000+00:00,9106,1212
4,7,2023-06-17T20:59:49.060000+00:00,9106,1212
10,17,2023-06-17T20:25:53.003000+00:00,9106,1212
11,12,2023-06-17T20:42:09.251000+00:00,9106,1212
14,3,2023-06-17T20:59:49.060000+00:00,9106,1212
16,11,2023-06-17T20:42:09.251000+00:00,9106,1212
18,13,2023-06-17T20:40:48.940000+00:00,9106,1212
20,14,2023-06-17T20:40:48.940000+00:00,9106,1212
21,18,2023-06-17T20:25:53.003000+00:00,9106,1212
22,16,2023-06-17T20:25:53.003000+00:00,9106,1212
23,10,2023-06-17T20:59:22.436000+00:00,9106,1212
24,20,2023-06-17T20:25:53.003000+00:00,9106,1212
27,2,2023-06-17T20:59:49.060000+00:00,9106,1212
31,6,2023-06-17T20:59:49.060000+00:00,9106,1212
44,4,2023-06-17T20:59:49.060000+00:00,9106,1212
55,8,2023-06-17T20:59:19.608000+00:00,9106,1212
63,5,2023-06-17T20:59:49.060000+00:00,9106,1212
77,15,2023-06-17T20:40:48.940000+00:00,9106,1212
81,9,2023-06-17T20:59:22.436000+00:00,9106,1212
1,1,2023-06-30T15:57:14.987000+00:00,9112,1213
2,18,2023-06-30T15:24:43.834000+00:00,9112,1213
4,4,2023-06-30T16:06:22.712000+00:00,9112,1213
10,9,2023-06-30T16:05:56.493000+00:00,9112,1213
11,15,2023-06-30T15:46:26.686000+00:00,9112,1213
14,7,2023-06-30T16:06:31.993000+00:00,9112,1213
16,2,2023-06-30T16:06:22.712000+00:00,9112,1213
18,6,2023-06-30T16:06:31.993000+00:00,9112,1213
20,19,2023-06-30T15:24:43.834000+00:00,9112,1213
21,20,2023-06-30T15:19:02.059000+00:00,9112,1213
22,16,2023-06-30T15:24:35.037000+00:00,9112,1213
23,10,2023-06-30T16:05:56.493000+00:00,9112,1213
24,17,2023-06-30T15:24:43.834000+00:00,9112,1213
27,8,2023-06-30T16:05:56.493000+00:00,9112,1213
31,12,2023-06-30T15:47:06.685000+00:00,9112,1213
44,5,2023-06-30T16:06:31.993000+00:00,9112,1213
55,3,2023-06-30T16:06:22.712000+00:00,9112,1213
63,11,2023-06-30T15:47:06.685000+00:00,9112,1213
77,14,2023-06-30T15:47:42.216000+00:00,9112,1213
81,13,2023-06-30T15:47:42.216000+00:00,9112,1213
1,1,2023-07-08T15:15:41.450000+00:00,9122,1214
2,14,2023-07-08T14:55:48.135000+00:00,9122,1214
4,2,2023-07-08T15:15:41.450000+00:00,9122,1214
10,10,2023-07-08T15:15:57.246000+00:00,9122,1214
11,16,2023-07-08T14:29:36.981000+00:00,9122,1214
14,9,2023-07-08T15:15:57.246000+00:00,9122,1214
16,4,2023-07-08T15:15:33.465000+00:00,9122,1214
18,12,2023-07-08T14:55:48.135000+00:00,9122,1214
20,20,2023-07-08T14:28:34.216000+00:00,9122,1214
21,19,2023-07-08T14:29:36.981000+00:00,9122,1214
22,17,2023-07-08T14:29:36.981000+00:00,9122,1214
23,8,2023-07-08T15:15:57.246000+00:00,9122,1214
24,18,2023-07-08T14:29:36.981000+00:00,9122,1214
27,11,2023-07-08T14:55:48.135000+00:00,9122,1214
31,13,2023-07-08T14:55:48.135000+00:00,9122,1214
44,7,2023-07-08T15:15:33.465000+00:00,9122,1214
55,5,2023-07-08T15:15:33.465000+00:00,9122,1214
63,6,2023-07-08T15:15:33.465000+00:00,9122,1214
77,15,2023-07-08T14:40:58.317000+00:00,9122,1214
81,3,2023-07-08T15:15:33.465000+00:00,9122,1214
1,2,2023-07-22T15:00:45.932000+00:00,9129,1215
2,20,2023-07-22T14:18:22.664000+00:00,9129,1215
3,13,2023-07-22T14:40:24.805000+00:00,9129,1215
4,3,2023-07-22T15:00:45.932000+00:00,9129,1215
10,15,2023-07-22T14:40:45.086000+00:00,9129,1215
11,9,2023-07-22T15:00:26.854000+00:00,9129,1215
14,8,2023-07-22T15:00:26.854000+00:00,9129,1215
16,6,2023-07-22T15:00:21.808000+00:00,9129,1215
18,14,2023-07-22T14:40:45.086000+00:00,9129,1215
20,19,2023-07-22T14:18:22.664000+00:00,9129,1215
22,17,2023-07-22T14:18:36.898000+00:00,9129,1215
23,16,2023-07-22T14:18:36.898000+00:00,9129,1215
24,5,2023-07-22T15:00:21.808000+00:00,9129,1215
27,10,2023-07-22T15:00:21.808000+00:00,9129,1215
31,12,2023-07-22T14:40:35.711000+00:00,9129,1215
44,1,2023-07-22T15:00:45.932000+00:00,9129,1215
55,11,2023-07-22T14:40:35.711000+00:00,9129,1215
63,18,2023-07-22T14:18:34.117000+00:00,9129,1215
77,7,2023-07-22T15:00:26.854000+00:00,9129,1215
81,4,2023-07-22T15:00:10.386000+00:00,9129,1215
1,1,2023-07-28T16:16:30.885000+00:00,9135,1216
2,18,2023-07-28T15:30:01.512000+00:00,9135,1216
3,19,2023-07-28T15:30:01.512000+00:00,9135,1216
4,7,2023-07-28T16:16:41.009000+00:00,9135,1216
10,12,2023-07-28T15:51:53.254000+00:00,9135,1216
11,3,2023-07-28T16:16:41.009000+00:00,9135,1216
14,9,2023-07-28T16:16:44.916000+00:00,9135,1216
16,2,2023-07-28T16:16:30.885000+00:00,9135,1216
18,10,2023-07-28T16:16:44.916000+00:00,9135,1216
20,13,2023-07-28T15:51:53.254000+00:00,9135,1216
22,11,2023-07-28T15:51:46.270000+00:00,9135,1216
23,16,2023-07-28T15:29:55.606000+00:00,9135,1216
24,17,2023-07-28T15:29:15.028000+00:00,9135,1216
27,20,2023-07-28T15:24:31.080000+00:00,9135,1216
31,15,2023-07-28T15:51:51.473000+00:00,9135,1216
44,4,2023-07-28T16:16:41.009000+00:00,9135,1216
55,5,2023-07-28T16:16:41.009000+00:00,9135,1216
63,8,2023-07-28T16:16:44.916000+00:00,9135,1216
77,14,2023-07-28T15:51:53.254000+00:00,9135,1216
81,6,2023-07-28T16:16:41.009000+00:00,9135,1216
1,1,2023-08-26T14:25:07.812000+00:00,9145,1217
2,10,2023-08-26T14:25:50.561000+00:00,9145,1217
4,2,2023-08-26T14:25:20.780000+00:00,9145,1217
10,12,2023-08-26T13:41:17.608000+00:00,9145,1217
11,7,2023-08-26T14:25:56.546000+00:00,9145,1217
14,5,2023-08-26T14:25:56.546000+00:00,9145,1217
16,9,2023-08-26T14:25:50.561000+00:00,9145,1217
18,11,2023-08-26T13:41:17.608000+00:00,9145,1217
20,18,2023-08-26T13:18:47.201000+00:00,9145,1217
22,14,2023-08-26T13:41:17.608000+00:00,9145,1217
23,4,2023-08-26T14:25:56.546000+00:00,9145,1217
24,16,2023-08-26T13:18:47.201000+00:00,9145,1217
27,15,2023-08-26T13:41:17.608000+00:00,9145,1217
31,17,2023-08-26T13:18:47.201000+00:00,9145,1217
40,20,2023-08-26T13:15:00.579000+00:00,9145,1217
44,13,2023-08-26T13:41:17.608000+00:00,9145,1217
55,6,2023-08-26T14:25:56.546000+00:00,9145,1217
63,3,2023-08-26T14:25:56.546000+00:00,9145,1217
77,19,2023-08-26T13:18:47.201000+00:00,9145,1217
81,8,2023-08-26T14:25:56.546000+00:00,9145,1217
1,2,2023-09-02T15:00:31.263000+00:00,9153,1218
2,15,2023-09-02T14:41:05.104000+00:00,9153,1218
4,9,2023-09-02T15:01:11.700000+00:00,9153,1218
10,17,2023-09-02T14:19:05.650000+00:00,9153,1218
11,5,2023-09-02T15:01:04.497000+00:00,9153,1218
14,10,2023-09-02T14:53:25.018000+00:00,9153,1218
16,3,2023-09-02T15:00:31.263000+00:00,9153,1218
18,20,2023-09-02T14:19:05.650000+00:00,9153,1218
20,19,2023-09-02T14:19:05.650000+00:00,9153,1218
22,11,2023-09-02T14:40:56.760000+00:00,9153,1218
23,6,2023-09-02T15:01:04.497000+00:00,9153,1218
24,16,2023-09-02T14:18:40.197000+00:00,9153,1218
27,13,2023-09-02T14:40:50.323000+00:00,9153,1218
31,18,2023-09-02T14:19:05.650000+00:00,9153,1218
40,12,2023-09-02T14:40:50.323000+00:00,9153,1218
44,8,2023-09-02T15:01:11.700000+00:00,9153,1218
55,1,2023-09-02T15:00:31.263000+00:00,9153,1218
63,4,2023-09-02T15:01:04.497000+00:00,9153,1218
77,14,2023-09-02T14:41:05.104000+00:00,9153,1218
81,7,2023-09-02T15:00:52.857000+00:00,9153,1218
1,11,2023-09-16T14:08:17.159000+00:00,9161,1219
2,18,2023-09-16T13:17:50.041000+00:00,9161,1219
4,4,2023-09-16T14:28:56.387000+00:00,9161,1219
10,12,2023-09-16T14:08:17.159000+00:00,9161,1219
11,13,2023-09-16T14:08:17.159000+00:00,9161,1219
14,7,2023-09-16T14:29:05.262000+00:00,9161,1219
16,3,2023-09-16T14:28:56.387000+00:00,9161,1219
18,20,2023-09-16T13:17:57.087000+00:00,9161,1219
20,6,2023-09-16T14:29:05.262000+00:00,9161,1219
22,15,2023-09-16T14:00:56.089000+00:00,9161,1219
23,14,2023-09-16T14:00:56.089000+00:00,9161,1219
24,19,2023-09-16T13:17:57.087000+00:00,9161,1219
27,9,2023-09-16T14:29:05.262000+00:00,9161,1219
31,8,2023-09-16T14:29:05.262000+00:00,9161,1219
40,10,2023-09-16T14:28:43.716000+00:00,9161,1219
44,5,2023-09-16T14:29:05.262000+00:00,9161,1219
55,1,2023-09-16T14:20:18.584000+00:00,9161,1219
63,2,2023-09-16T14:28:56.387000+00:00,9161,1219
77,16,2023-09-16T13:18:37.587000+00:00,9161,1219
81,17,2023-09-16T13:18:37.587000+00:00,9161,1219
1,1,2023-09-23T07:02:02.766000+00:00,9169,1220
2,20,2023-09-23T06:32:31.583000+00:00,9169,1220
4,3,2023-09-23T07:06:19.920000+00:00,9169,1220
10,12,2023-09-23T06:54:59.021000+00:00,9169,1220
11,5,2023-09-23T07:14:17.836000+00:00,9169,1220
14,10,2023-09-23T07:14:29.930000+00:00,9169,1220
16,4,2023-09-23T07:13:35.024000+00:00,9169,1220
18,17,2023-09-23T06:32:31.583000+00:00,9169,1220
20,15,2023-09-23T06:54:59.021000+00:00,9169,1220
22,9,2023-09-23T07:14:29.930000+00:00,9169,1220
23,13,2023-09-23T06:54:59.021000+00:00,9169,1220
24,19,2023-09-23T06:32:31.583000+00:00,9169,1220
27,18,2023-09-23T06:32:31.583000+00:00,9169,1220
31,14,2023-09-23T06:54:59.021000+00:00,9169,1220
40,11,2023-09-23T06:54:37.334000+00:00,9169,1220
44,7,2023-09-23T07:14:29.930000+00:00,9169,1220
55,6,2023-09-23T07:14:17.836000+00:00,9169,1220
63,8,2023-09-23T07:14:29.930000+00:00,9169,1220
77,16,2023-09-23T06:32:31.583000+00:00,9169,1220
81,2,2023-09-23T07:06:04.107000+00:00,9169,1220
1,1,2023-10-06T17:52:43.051000+00:00,9215,1221
2,16,2023-10-06T17:19:15.727000+00:00,9215,1221
4,10,2023-10-06T18:05:00.694000+00:00,9215,1221
10,7,2023-10-06T18:05:00.694000+00:00,9215,1221
11,13,2023-10-06T17:40:42.126000+00:00,9215,1221
14,5,2023-10-06T18:05:00.694000+00:00,9215,1221
16,6,2023-10-06T18:05:00.694000+00:00,9215,1221
18,17,2023-10-06T17:18:48.899000+00:00,9215,1221
20,19,2023-10-06T17:18:48.899000+00:00,9215,1221
22,11,2023-10-06T17:40:42.126000+00:00,9215,1221
23,14,2023-10-06T17:40:00.283000+00:00,9215,1221
24,20,2023-10-06T17:18:04.447000+00:00,9215,1221
27,15,2023-10-06T17:40:00.283000+00:00,9215,1221
31,8,2023-10-06T18:05:00.694000+00:00,9215,1221
40,18,2023-10-06T17:18:48.899000+00:00,9215,1221
44,4,2023-10-06T18:05:00.694000+00:00,9215,1221
55,12,2023-10-06T17:40:42.126000+00:00,9215,1221
63,2,2023-10-06T18:05:00.694000+00:00,9215,1221
77,9,2023-10-06T18:05:00.694000+00:00,9215,1221
81,3,2023-10-06T18:05:00.694000+00:00,9215,1221
1,6,2023-10-20T22:01:32.140000+00:00,9207,1222
2,20,2023-10-20T21:19:35.341000+00:00,9207,1222
3,15,2023-10-20T21:39:57.405000+00:00,9207,1222
4,2,2023-10-20T22:00:57.344000+00:00,9207,1222
10,7,2023-10-20T22:01:32.140000+00:00,9207,1222
11,9,2023-10-20T22:01:32.140000+00:00,9207,1222
14,17,2023-10-20T21:19:35.341000+00:00,9207,1222
16,1,2023-10-20T22:00:57.344000+00:00,9207,1222
18,19,2023-10-20T21:19:35.341000+00:00,9207,1222
20,14,2023-10-20T21:40:12.170000+00:00,9207,1222
22,11,2023-10-20T21:40:47.217000+00:00,9207,1222
23,18,2023-10-20T21:19:35.341000+00:00,9207,1222
24,12,2023-10-20T21:40:47.217000+00:00,9207,1222
27,16,2023-10-20T21:19:26.341000+00:00,9207,1222
31,8,2023-10-20T22:01:32.140000+00:00,9207,1222
44,3,2023-10-20T22:00:57.344000+00:00,9207,1222
55,4,2023-10-20T22:00:57.344000+00:00,9207,1222
63,5,2023-10-20T22:01:32.140000+00:00,9207,1222
77,13,2023-10-20T21:40:12.170000+00:00,9207,1222
81,10,2023-10-20T22:01:32.140000+00:00,9207,1222
1,3,2023-10-28T21:51:46.198000+00:00,9177,1223
2,20,2023-10-28T21:20:00.501000+00:00,9177,1223
3,4,2023-10-28T21:51:46.198000+00:00,9177,1223
4,19,2023-10-28T21:20:00.501000+00:00,9177,1223
10,11,2023-10-28T21:43:17.126000+00:00,9177,1223
11,5,2023-10-28T21:59:38.568000+00:00,9177,1223
14,13,2023-10-28T21:43:17.126000+00:00,9177,1223
16,1,2023-10-28T21:51:46.198000+00:00,9177,1223
18,18,2023-10-28T21:15:21.957000+00:00,9177,1223
20,17,2023-10-28T21:15:21.957000+00:00,9177,1223
22,15,2023-10-28T21:31:23.196000+00:00,9177,1223
23,14,2023-10-28T21:43:17.126000+00:00,9177,1223
24,10,2023-10-28T21:59:01.756000+00:00,9177,1223
27,12,2023-10-28T21:43:17.126000+00:00,9177,1223
31,16,2023-10-28T21:15:21.957000+00:00,9177,1223
44,6,2023-10-28T22:00:31.193000+00:00,9177,1223
55,2,2023-10-28T21:51:46.198000+00:00,9177,1223
63,8,2023-10-28T22:00:31.193000+00:00,9177,1223
77,9,2023-10-28T21:59:01.756000+00:00,9177,1223
81,7,2023-10-28T22:00:31.193000+00:00,9177,1223
1,1,2023-11-03T19:06:04.640000+00:00,9304,1224
2,19,2023-11-03T18:33:47.080000+00:00,9304,1224
3,17,2023-11-03T18:33:47.080000+00:00,9304,1224
4,7,2023-11-03T19:06:24.530000+00:00,9304,1224
10,13,2023-11-03T18:55:19.588000+00:00,9304,1224
11,9,2023-11-03T19:06:38.498000+00:00,9304,1224
14,4,2023-11-03T19:06:24.530000+00:00,9304,1224
16,2,2023-11-03T19:06:24.530000+00:00,9304,1224
18,3,2023-11-03T19:06:24.530000+00:00,9304,1224
20,14,2023-11-03T18:55:19.588000+00:00,9304,1224
22,16,2023-11-03T18:33:47.080000+00:00,9304,1224
23,15,2023-11-03T18:51:21.046000+00:00,9304,1224
24,20,2023-11-03T18:32:53.097000+00:00,9304,1224
27,11,2023-11-03T18:54:12.980000+00:00,9304,1224
31,12,2023-11-03T18:54:12.980000+00:00,9304,1224
44,5,2023-11-03T19:06:24.530000+00:00,9304,1224
55,8,2023-11-03T19:06:38.498000+00:00,9304,1224
63,6,2023-11-03T19:06:24.530000+00:00,9304,1224
77,18,2023-11-03T18:33:47.080000+00:00,9304,1224
81,10,2023-11-03T19:05:47.562000+00:00,9304,1224
1,3,2023-11-18T08:52:12.295000+00:00,9314,1225
2,7,2023-11-18T09:01:02.833000+00:00,9314,1225
3,15,2023-11-18T08:36:27.578000+00:00,9314,1225
4,16,2023-11-18T08:18:49.878000+00:00,9314,1225
10,5,2023-11-18T09:01:02.833000+00:00,9314,1225
11,12,2023-11-18T08:40:32.511000+00:00,9314,1225
14,10,2023-11-18T09:01:02.833000+00:00,9314,1225
16,1,2023-11-18T08:51:58.655000+00:00,9314,1225
18,14,2023-11-18T08:40:32.511000+00:00,9314,1225
20,9,2023-11-18T09:01:02.833000+00:00,9314,1225
22,20,2023-11-18T08:13:59.898000+00:00,9314,1225
23,6,2023-11-18T09:01:02.833000+00:00,9314,1225
24,18,2023-11-18T08:18:49.878000+00:00,9314,1225
27,13,2023-11-18T08:40:32.511000+00:00,9314,1225
31,17,2023-11-18T08:18:49.878000+00:00,9314,1225
44,11,2023-11-18T08:40:32.511000+00:00,9314,1225
55,2,2023-11-18T08:51:58.655000+00:00,9314,1225
63,4,2023-11-18T09:00:53.911000+00:00,9314,1225
77,8,2023-11-18T09:01:02.833000+00:00,9314,1225
81,19,2023-11-18T08:18:49.878000+00:00,9314,1225
1,1,2023-11-25T14:30:12.888000+00:00,9193,1226
2,20,2023-11-25T14:28:49.187000+00:00,9193,1226
3,15,2023-11-25T14:40:10.050000+00:00,9193,1226
4,5,2023-11-25T15:00:48.450000+00:00,9193,1226
10,10,2023-11-25T14:53:00.692000+00:00,9193,1226
11,9,2023-11-25T15:00:50.637000+00:00,9193,1226
14,7,2023-11-25T15:00:50.637000+00:00,9193,1226
16,2,2023-11-25T14:59:51.420000+00:00,9193,1226
18,13,2023-11-25T14:40:10.050000+00:00,9193,1226
20,17,2023-11-25T14:28:49.187000+00:00,9193,1226
22,6,2023-11-25T15:00:50.637000+00:00,9193,1226
23,14,2023-11-25T14:40:10.050000+00:00,9193,1226
24,19,2023-11-25T14:28:49.187000+00:00,9193,1226
27,8,2023-11-25T15:00:50.637000+00:00,9193,1226
31,12,2023-11-25T14:40:10.050000+00:00,9193,1226
44,11,2023-11-25T14:40:10.050000+00:00,9193,1226
55,16,2023-11-25T14:28:49.187000+00:00,9193,1226
63,4,2023-11-25T15:00:48.450000+00:00,9193,1226
77,18,2023-11-25T14:28:49.187000+00:00,9193,1226
81,3,2023-11-25T14:59:51.420000+00:00,9193,1226
1,1,2023-03-05T15:33:28.905000+00:00,7953,1141
2,12,2023-03-05T16:22:56.617000+00:00,7953,1141
4,17,2023-03-05T16:15:38.375000+00:00,7953,1141
10,9,2023-03-05T16:14:38.282000+00:00,7953,1141
11,2,2023-03-05T15:46:43.484000+00:00,7953,1141
14,3,2023-03-05T16:18:48.793000+00:00,7953,1141
16,19,2023-03-05T16:12:25.082000+00:00,7953,1141
18,6,2023-03-05T16:10:21.724000+00:00,7953,1141
20,13,2023-03-05T16:36:13.525000+00:00,7953,1141
21,14,2023-03-05T16:36:18.915000+00:00,7953,1141
22,11,2023-03-05T16:14:43.392000+00:00,7953,1141
23,10,2023-03-05T16:14:38.282000+00:00,7953,1141
24,16,2023-03-05T16:36:20.243000+00:00,7953,1141
27,15,2023-03-05T16:36:20.243000+00:00,7953,1141
31,18,2023-03-05T16:15:38.375000+00:00,7953,1141
44,5,2023-03-05T16:10:15.084000+00:00,7953,1141
55,4,2023-03-05T16:18:48.793000+00:00,7953,1141
63,7,2023-03-05T16:10:23.568000+00:00,7953,1141
77,8,2023-03-05T16:10:47.349000+00:00,7953,1141
81,20,2023-03-05T15:27:44.849000+00:00,7953,1141
1,2,2023-03-19T17:46:33.499000+00:00,7779,1142
2,16,2023-03-19T18:26:30.909000+00:00,7779,1142
4,17,2023-03-19T18:23:22.006000+00:00,7779,1142
10,9,2023-03-19T17:46:44.264000+00:00,7779,1142
11,1,2023-03-19T17:10:14.663000+00:00,7779,1142
14,3,2023-03-19T17:46:33.499000+00:00,7779,1142
16,7,2023-03-19T17:33:44.356000+00:00,7779,1142
18,20,2023-03-19T17:32:10.405000+00:00,7779,1142
20,10,2023-03-19T18:19:55.275000+00:00,7779,1142
21,14,2023-03-19T18:12:16.018000+00:00,7779,1142
22,11,2023-03-19T18:19:55.275000+00:00,7779,1142
23,19,2023-03-19T17:50:07.026000+00:00,7779,1142
24,13,2023-03-19T18:07:28.835000+00:00,7779,1142
27,12,2023-03-19T17:40:22.068000+00:00,7779,1142
31,8,2023-03-19T17:45:07.266000+00:00,7779,1142
44,5,2023-03-19T17:41:53.410000+00:00,7779,1142
55,6,2023-03-19T17:41:53.410000+00:00,7779,1142
63,4,2023-03-19T17:43:26.346000+00:00,7779,1142
77,18,2023-03-19T17:50:07.026000+00:00,7779,1142
81,15,2023-03-19T18:26:30.909000+00:00,7779,1142
1,1,2023-04-02T05:41:03.455000+00:00,7787,1143
2,16,2023-04-02T07:00:04.900000+00:00,7787,1143
4,6,2023-04-02T07:36:02.579000+00:00,7787,1143
10,13,2023-04-02T07:33:29.049000+00:00,7787,1143
11,5,2023-04-02T07:36:02.579000+00:00,7787,1143
14,3,2023-04-02T05:15:10.269000+00:00,7787,1143
16,20,2023-04-02T05:04:03.949000+00:00,7787,1143
18,4,2023-04-02T07:36:02.579000+00:00,7787,1143
20,17,2023-04-02T06:39:53.148000+00:00,7787,1143
21,15,2023-04-02T07:00:04.900000+00:00,7787,1143
22,10,2023-04-02T07:36:03.407000+00:00,7787,1143
23,19,2023-04-02T05:15:40.785000+00:00,7787,1143
24,9,2023-04-02T07:36:03.079000+00:00,7787,1143
27,7,2023-04-02T07:36:02.579000+00:00,7787,1143
31,14,2023-04-02T07:33:29.049000+00:00,7787,1143
44,2,2023-04-02T05:41:03.455000+00:00,7787,1143
55,12,2023-04-02T07:36:03.969000+00:00,7787,1143
63,18,2023-04-02T05:50:08.917000+00:00,7787,1143
77,11,2023-04-02T07:36:03.969000+00:00,7787,1143
81,8,2023-04-02T07:36:02.735000+00:00,7787,1143
1,2,2023-04-30T11:31:51.400000+00:00,9070,1207
2,16,2023-04-30T12:36:40.236000+00:00,9070,1207
4,9,2023-04-30T12:36:19.940000+00:00,9070,1207
10,14,2023-04-30T12:38:17.312000+00:00,9070,1207
11,1,2023-04-30T11:21:59.411000+00:00,9070,1207
14,4,2023-04-30T11:31:53.900000+00:00,9070,1207
16,3,2023-04-30T11:31:51.400000+00:00,9070,1207
18,7,2023-04-30T11:40:51.312000+00:00,9070,1207
20,13,2023-04-30T12:38:15.688000+00:00,9070,1207
21,20,2023-04-30T11:23:03.910000+00:00,9070,1207
22,10,2023-04-30T12:38:09.828000+00:00,9070,1207
23,12,2023-04-30T12:38:14.578000+00:00,9070,1207
24,19,2023-04-30T12:13:53.980000+00:00,9070,1207
27,17,2023-04-30T12:36:40.236000+00:00,9070,1207
31,15,2023-04-30T12:38:17.312000+00:00,9070,1207
44,6,2023-04-30T11:40:51.312000+00:00,9070,1207
55,5,2023-04-30T11:31:53.900000+00:00,9070,1207
63,8,2023-04-30T11:33:43.211000+00:00,9070,1207
77,18,2023-04-30T12:13:53.980000+00:00,9070,1207
81,11,2023-04-30T12:38:12.469000+00:00,9070,1207
1,1,2023-05-07T20:47:51.914000+00:00,9078,1208
2,20,2023-05-07T19:37:11.743000+00:00,9078,1208
4,17,2023-05-07T20:48:56.460000+00:00,9078,1208
10,8,2023-05-07T20:56:12.377000+00:00,9078,1208
11,2,2023-05-07T20:47:51.914000+00:00,9078,1208
14,3,2023-05-07T20:19:04.464000+00:00,9078,1208
16,7,2023-05-07T20:57:43.688000+00:00,9078,1208
18,12,2023-05-07T20:53:23.863000+00:00,9078,1208
20,10,2023-05-07T20:47:07.820000+00:00,9078,1208
21,18,2023-05-07T20:21:18.088000+00:00,9078,1208
22,11,2023-05-07T20:51:50.911000+00:00,9078,1208
23,14,2023-05-07T20:50:20.084000+00:00,9078,1208
24,16,2023-05-07T20:48:56.460000+00:00,9078,1208
27,15,2023-05-07T20:47:16.148000+00:00,9078,1208
31,9,2023-05-07T20:47:07.820000+00:00,9078,1208
44,6,2023-05-07T20:57:43.688000+00:00,9078,1208
55,5,2023-05-07T20:31:28.067000+00:00,9078,1208
63,4,2023-05-07T20:31:28.067000+00:00,9078,1208
77,13,2023-05-07T20:53:23.863000+00:00,9078,1208
81,19,2023-05-07T20:21:18.088000+00:00,9078,1208
1,1,2023-05-28T12:01:06.820000+00:00,9094,1210
2,18,2023-05-28T14:20:29.422000+00:00,9094,1210
4,9,2023-05-28T14:37:27.075000+00:00,9094,1210
10,7,2023-05-28T14:16:31.066000+00:00,9094,1210
11,16,2023-05-28T14:52:45.231000+00:00,9094,1210
14,2,2023-05-28T12:01:06.820000+00:00,9094,1210
16,6,2023-05-28T14:16:28.676000+00:00,9094,1210
18,20,2023-05-28T14:17:06.050000+00:00,9094,1210
20,19,2023-05-28T14:20:29.422000+00:00,9094,1210
21,12,2023-05-28T14:39:34.932000+00:00,9094,1210
22,15,2023-05-28T14:41:23.649000+00:00,9094,1210
23,14,2023-05-28T14:41:23.649000+00:00,9094,1210
24,13,2023-05-28T14:41:23.227000+00:00,9094,1210
27,17,2023-05-28T14:52:45.231000+00:00,9094,1210
31,3,2023-05-28T14:16:14.020000+00:00,9094,1210
44,4,2023-05-28T14:16:15.223000+00:00,9094,1210
55,8,2023-05-28T14:16:31.066000+00:00,9094,1210
63,5,2023-05-28T14:16:23.910000+00:00,9094,1210
77,11,2023-05-28T14:39:08.776000+00:00,9094,1210
81,10,2023-05-28T14:39:04.214000+00:00,9094,1210
1,1,2023-06-04T12:01:08.286000+00:00,9102,1211
2,20,2023-06-04T14:26:41.223000+00:00,9102,1211
4,17,2023-06-04T14:30:25.703000+00:00,9102,1211
10,10,2023-06-04T14:32:27.717000+00:00,9102,1211
11,4,2023-06-04T14:14:54.939000+00:00,9102,1211
14,7,2023-06-04T14:12:33.894000+00:00,9102,1211
16,11,2023-06-04T14:32:28.654000+00:00,9102,1211
18,6,2023-06-04T14:04:34.809000+00:00,9102,1211
20,18,2023-06-04T14:30:25.703000+00:00,9102,1211
21,14,2023-06-04T14:03:35.732000+00:00,9102,1211
22,12,2023-06-04T14:32:28.654000+00:00,9102,1211
23,16,2023-06-04T14:13:10.128000+00:00,9102,1211
24,9,2023-06-04T14:32:26.045000+00:00,9102,1211
27,15,2023-06-04T14:13:01.925000+00:00,9102,1211
31,8,2023-06-04T14:12:33.894000+00:00,9102,1211
44,2,2023-06-04T13:41:18.412000+00:00,9102,1211
55,5,2023-06-04T14:14:54.939000+00:00,9102,1211
63,3,2023-06-04T14:12:09.863000+00:00,9102,1211
77,19,2023-06-04T14:26:41.223000+00:00,9102,1211
81,13,2023-06-04T14:12:45.535000+00:00,9102,1211
1,1,2023-06-18T17:01:08.190000+00:00,9110,1212
2,20,2023-06-18T18:13:01.801000+00:00,9110,1212
4,13,2023-06-18T19:38:09.789000+00:00,9110,1212
10,12,2023-06-18T19:38:09.789000+00:00,9110,1212
11,6,2023-06-18T18:58:04.816000+00:00,9110,1212
14,2,2023-06-18T18:35:39.714000+00:00,9110,1212
16,4,2023-06-18T18:19:31.482000+00:00,9110,1212
18,9,2023-06-18T19:38:08.524000+00:00,9110,1212
20,17,2023-06-18T19:19:03.434000+00:00,9110,1212
21,18,2023-06-18T19:19:03.965000+00:00,9110,1212
22,14,2023-06-18T19:17:44.873000+00:00,9110,1212
23,7,2023-06-18T18:58:04.816000+00:00,9110,1212
24,16,2023-06-18T19:17:54.764000+00:00,9110,1212
27,15,2023-06-18T19:17:51.748000+00:00,9110,1212
31,8,2023-06-18T19:17:31.264000+00:00,9110,1212
44,3,2023-06-18T18:35:39.714000+00:00,9110,1212
55,5,2023-06-18T18:19:33.013000+00:00,9110,1212
63,19,2023-06-18T19:19:03.965000+00:00,9110,1212
77,10,2023-06-18T19:38:08.805000+00:00,9110,1212
81,11,2023-06-18T19:38:09.242000+00:00,9110,1212
1,1,2023-07-02T13:46:18.212000+00:00,9118,1213
2,13,2023-07-02T13:58:07.792000+00:00,9118,1213
4,5,2023-07-02T14:11:18.715000+00:00,9118,1213
10,9,2023-07-02T14:09:30.889000+00:00,9118,1213
11,3,2023-07-02T14:17:07.600000+00:00,9118,1213
14,6,2023-07-02T13:58:37.744000+00:00,9118,1213
16,2,2023-07-02T14:05:23.737000+00:00,9118,1213
18,10,2023-07-02T14:20:09.003000+00:00,9118,1213
20,19,2023-07-02T14:26:48.073000+00:00,9118,1213
21,15,2023-07-02T13:58:13.479000+00:00,9118,1213
22,18,2023-07-02T14:29:08.680000+00:00,9118,1213
23,11,2023-07-02T14:20:09.003000+00:00,9118,1213
24,14,2023-07-02T13:58:12.182000+00:00,9118,1213
27,20,2023-07-02T13:20:27.957000+00:00,9118,1213
31,12,2023-07-02T13:58:07.792000+00:00,9118,1213
44,7,2023-07-02T13:58:48.979000+00:00,9118,1213
55,4,2023-07-02T14:17:07.600000+00:00,9118,1213
63,8,2023-07-02T13:58:57.978000+00:00,9118,1213
77,16,2023-07-02T14:24:23.685000+00:00,9118,1213
81,17,2023-07-02T14:29:08.680000+00:00,9118,1213
1,1,2023-07-09T14:10:58.695000+00:00,9126,1214
2,11,2023-07-09T15:28:51.819000+00:00,9126,1214
4,2,2023-07-09T14:10:58.695000+00:00,9126,1214
10,18,2023-07-09T15:19:45.281000+00:00,9126,1214
11,6,2023-07-09T15:19:32.532000+00:00,9126,1214
14,7,2023-07-09T15:19:32.532000+00:00,9126,1214
16,9,2023-07-09T15:16:31.801000+00:00,9126,1214
18,14,2023-07-09T15:28:53.662000+00:00,9126,1214
20,19,2023-07-09T14:54:17.387000+00:00,9126,1214
21,17,2023-07-09T15:19:45.281000+00:00,9126,1214
22,16,2023-07-09T15:27:24.680000+00:00,9126,1214
23,8,2023-07-09T15:16:30.097000+00:00,9126,1214
24,15,2023-07-09T15:27:24.680000+00:00,9126,1214
27,13,2023-07-09T15:28:53.662000+00:00,9126,1214
31,20,2023-07-09T14:19:38.467000+00:00,9126,1214
44,3,2023-07-09T14:49:53.157000+00:00,9126,1214
55,10,2023-07-09T15:16:31.801000+00:00,9126,1214
63,5,2023-07-09T14:57:40.164000+00:00,9126,1214
77,12,2023-07-09T15:28:52.803000+00:00,9126,1214
81,4,2023-07-09T14:57:37.852000+00:00,9126,1214
1,1,2023-07-23T13:03:40.366000+00:00,9133,1215
2,18,2023-07-23T14:41:12.050000+00:00,9133,1215
3,13,2023-07-23T14:08:04.757000+00:00,9133,1215
4,2,2023-07-23T14:12:41.690000+00:00,9133,1215
10,20,2023-07-23T13:03:44.929000+00:00,9133,1215
11,3,2023-07-23T14:14:12.454000+00:00,9133,1215
14,9,2023-07-23T14:04:39.917000+00:00,9133,1215
16,7,2023-07-23T14:42:20.892000+00:00,9133,1215
18,10,2023-07-23T14:05:03.651000+00:00,9133,1215
20,17,2023-07-23T14:41:12.050000+00:00,9133,1215
22,15,2023-07-23T14:39:18.130000+00:00,9133,1215
23,11,2023-07-23T14:08:01.507000+00:00,9133,1215
24,16,2023-07-23T14:39:25.505000+00:00,9133,1215
27,14,2023-07-23T14:08:08.944000+00:00,9133,1215
31,19,2023-07-23T13:03:46.944000+00:00,9133,1215
44,4,2023-07-23T14:24:02.771000+00:00,9133,1215
55,8,2023-07-23T14:35:25.212000+00:00,9133,1215
63,6,2023-07-23T14:42:20.892000+00:00,9133,1215
77,12,2023-07-23T14:08:02.351000+00:00,9133,1215
81,5,2023-07-23T14:24:02.771000+00:00,9133,1215
1,1,2023-07-30T13:35:54.139000+00:00,9141,1216
2,17,2023-07-30T14:26:08.481000+00:00,9141,1216
3,16,2023-07-30T14:24:15.341000+00:00,9141,1216
4,7,2023-07-30T13:53:48.299000+00:00,9141,1216
10,11,2023-07-30T14:05:12.463000+00:00,9141,1216
11,2,2023-07-30T13:35:54.139000+00:00,9141,1216
14,5,2023-07-30T13:58:58.186000+00:00,9141,1216
16,3,2023-07-30T13:20:41.430000+00:00,9141,1216
18,9,2023-07-30T14:21:55.937000+00:00,9141,1216
20,15,2023-07-30T14:24:10.170000+00:00,9141,1216
22,10,2023-07-30T14:16:21.112000+00:00,9141,1216
23,14,2023-07-30T14:24:10.170000+00:00,9141,1216
24,13,2023-07-30T14:24:07.951000+00:00,9141,1216
27,18,2023-07-30T14:26:08.481000+00:00,9141,1216
31,8,2023-07-30T14:21:55.937000+00:00,9141,1216
44,4,2023-07-30T13:58:58.186000+00:00,9141,1216
55,19,2023-07-30T13:40:39.620000+00:00,9141,1216
63,6,2023-07-30T13:53:46.783000+00:00,9141,1216
77,12,2023-07-30T14:07:06.712000+00:00,9141,1216
81,20,2023-07-30T13:04:27.504000+00:00,9141,1216
1,1,2023-08-27T13:22:23.234000+00:00,9149,1217
2,20,2023-08-27T13:10:21.278000+00:00,9149,1217
4,7,2023-08-27T14:29:40.256000+00:00,9149,1217
10,3,2023-08-27T15:27:17.273000+00:00,9149,1217
11,4,2023-08-27T15:27:17.273000+00:00,9149,1217
14,2,2023-08-27T14:31:01.802000+00:00,9149,1217
16,19,2023-08-27T14:04:05.237000+00:00,9149,1217
18,11,2023-08-27T15:20:33.296000+00:00,9149,1217
20,14,2023-08-27T15:27:36.491000+00:00,9149,1217
22,16,2023-08-27T15:27:37.444000+00:00,9149,1217
23,8,2023-08-27T15:20:30.046000+00:00,9149,1217
24,18,2023-08-27T14:32:51.253000+00:00,9149,1217
27,12,2023-08-27T15:20:34.561000+00:00,9149,1217
31,10,2023-08-27T15:20:32.108000+00:00,9149,1217
40,13,2023-08-27T15:27:36.210000+00:00,9149,1217
44,6,2023-08-27T15:16:40.753000+00:00,9149,1217
55,5,2023-08-27T15:16:40.753000+00:00,9149,1217
63,17,2023-08-27T15:20:36.202000+00:00,9149,1217
77,15,2023-08-27T15:27:37.444000+00:00,9149,1217
81,9,2023-08-27T15:20:30.749000+00:00,9149,1217
1,1,2023-09-03T13:59:47.870000+00:00,9157,1218
2,13,2023-09-03T14:43:31.982000+00:00,9157,1218
4,8,2023-09-03T14:29:04.741000+00:00,9157,1218
10,15,2023-09-03T14:43:31.982000+00:00,9157,1218
11,2,2023-09-03T14:29:59.335000+00:00,9157,1218
14,9,2023-09-03T14:23:22.995000+00:00,9157,1218
16,4,2023-09-03T14:09:55.176000+00:00,9157,1218
18,16,2023-09-03T14:43:31.982000+00:00,9157,1218
20,18,2023-09-03T14:22:49.980000+00:00,9157,1218
22,20,2023-09-03T13:23:56.910000+00:00,9157,1218
23,7,2023-09-03T14:31:58.083000+00:00,9157,1218
24,14,2023-09-03T14:43:31.982000+00:00,9157,1218
27,17,2023-09-03T14:22:33.074000+00:00,9157,1218
31,19,2023-09-03T14:22:49.980000+00:00,9157,1218
40,11,2023-09-03T14:43:31.982000+00:00,9157,1218
44,6,2023-09-03T14:31:58.083000+00:00,9157,1218
55,3,2023-09-03T14:29:59.335000+00:00,9157,1218
63,5,2023-09-03T14:04:17.352000+00:00,9157,1218
77,10,2023-09-03T14:26:32.603000+00:00,9157,1218
81,12,2023-09-03T14:35:20.440000+00:00,9157,1218
1,5,2023-09-17T13:50:43.835000+00:00,9165,1219
2,14,2023-09-17T13:51:49.271000+00:00,9165,1219
4,2,2023-09-17T13:20:24.933000+00:00,9165,1219
10,6,2023-09-17T13:51:00.819000+00:00,9165,1219
11,8,2023-09-17T13:51:16.912000+00:00,9165,1219
14,15,2023-09-17T13:51:49.974000+00:00,9165,1219
16,4,2023-09-17T13:50:43.553000+00:00,9165,1219
20,10,2023-09-17T13:51:34.506000+00:00,9165,1219
22,19,2023-09-17T12:05:40.125000+00:00,9165,1219
23,11,2023-09-17T13:51:35.771000+00:00,9165,1219
24,12,2023-09-17T13:51:46.037000+00:00,9165,1219
27,13,2023-09-17T13:51:48.615000+00:00,9165,1219
31,18,2023-09-17T13:19:41.778000+00:00,9165,1219
40,9,2023-09-17T13:51:28.303000+00:00,9165,1219
44,3,2023-09-17T13:50:23.725000+00:00,9165,1219
55,1,2023-09-17T11:01:04.137000+00:00,9165,1219
63,16,2023-09-17T13:51:49.974000+00:00,9165,1219
77,17,2023-09-17T13:35:16.470000+00:00,9165,1219
81,7,2023-09-17T13:51:03.991000+00:00,9165,1219
1,1,2023-09-24T05:39:46.902000+00:00,9173,1220
2,17,2023-09-24T05:44:18.100000+00:00,9173,1220
4,2,2023-09-24T06:12:53.992000+00:00,9173,1220
10,10,2023-09-24T06:36:23.732000+00:00,9173,1220
11,19,2023-09-24T05:30:46.255000+00:00,9173,1220
14,8,2023-09-24T06:06:44.936000+00:00,9173,1220
16,4,2023-09-24T06:22:47.387000+00:00,9173,1220
18,18,2023-09-24T05:44:18.100000+00:00,9173,1220
20,15,2023-09-24T06:02:22.971000+00:00,9173,1220
22,12,2023-09-24T06:12:07.742000+00:00,9173,1220
23,16,2023-09-24T05:44:07.772000+00:00,9173,1220
24,13,2023-09-24T06:12:13.883000+00:00,9173,1220
27,14,2023-09-24T06:12:13.883000+00:00,9173,1220
31,9,2023-09-24T06:36:23.732000+00:00,9173,1220
40,11,2023-09-24T06:12:05.414000+00:00,9173,1220
44,5,2023-09-24T06:29:23.677000+00:00,9173,1220
55,6,2023-09-24T06:31:02.519000+00:00,9173,1220
63,7,2023-09-24T06:31:02.519000+00:00,9173,1220
77,20,2023-09-24T05:20:24.266000+00:00,9173,1220
81,3,2023-09-24T06:17:51.736000+00:00,9173,1220
1,1,2023-10-08T16:01:06.129000+00:00,9221,1221
2,18,2023-10-08T18:09:36.653000+00:00,9221,1221
4,3,2023-10-08T18:22:47.659000+00:00,9221,1221
10,12,2023-10-08T18:32:29.356000+00:00,9221,1221
11,10,2023-10-08T18:36:39.040000+00:00,9221,1221
14,6,2023-10-08T18:24:51.423000+00:00,9221,1221
16,5,2023-10-08T18:14:37.290000+00:00,9221,1221
18,11,2023-10-08T18:32:29.356000+00:00,9221,1221
20,14,2023-10-08T18:32:34.231000+00:00,9221,1221
22,15,2023-10-08T18:09:18.153000+00:00,9221,1221
23,13,2023-10-08T18:32:34.231000+00:00,9221,1221
24,9,2023-10-08T18:36:39.040000+00:00,9221,1221
27,16,2023-10-08T18:15:25.445000+00:00,9221,1221
31,7,2023-10-08T18:26:25.172000+00:00,9221,1221
40,17,2023-10-08T18:15:25.445000+00:00,9221,1221
44,19,2023-10-08T17:04:19.243000+00:00,9221,1221
55,20,2023-10-08T17:04:19.243000+00:00,9221,1221
63,4,2023-10-08T18:22:47.659000+00:00,9221,1221
77,8,2023-10-08T18:26:31.782000+00:00,9221,1221
81,2,2023-10-08T18:22:45.909000+00:00,9221,1221
1,1,2023-10-22T20:10:36.205000+00:00,9213,1222
2,12,2023-10-22T20:33:41.274000+00:00,9213,1222
3,17,2023-10-22T20:30:43.153000+00:00,9213,1222
4,3,2023-10-22T20:27:25.062000+00:00,9213,1222
10,8,2023-10-22T20:17:58.744000+00:00,9213,1222
11,5,2023-10-22T20:34:18.852000+00:00,9213,1222
14,18,2023-10-22T20:30:43.153000+00:00,9213,1222
16,6,2023-10-22T20:34:18.852000+00:00,9213,1222
18,9,2023-10-22T20:26:28.860000+00:00,9213,1222
20,16,2023-10-22T20:30:33.184000+00:00,9213,1222
22,10,2023-10-22T20:26:32.469000+00:00,9213,1222
23,11,2023-10-22T20:30:08.825000+00:00,9213,1222
24,15,2023-10-22T20:30:31.887000+00:00,9213,1222
27,13,2023-10-22T20:33:41.274000+00:00,9213,1222
31,20,2023-10-22T19:12:36.033000+00:00,9213,1222
44,2,2023-10-22T20:27:25.062000+00:00,9213,1222
55,4,2023-10-22T20:29:13.701000+00:00,9213,1222
63,7,2023-10-22T20:17:48.213000+00:00,9213,1222
77,14,2023-10-22T20:30:26.715000+00:00,9213,1222
81,19,2023-10-22T19:23:10.725000+00:00,9213,1222
1,1,2023-10-29T20:48:29.633000+00:00,9181,1223
2,16,2023-10-29T22:07:11.238000+00:00,9181,1223
3,7,2023-10-29T21:51:13.614000+00:00,9181,1223
4,5,2023-10-29T22:00:53.307000+00:00,9181,1223
10,11,2023-10-29T21:59:58.870000+00:00,9181,1223
11,20,2023-10-29T20:03:58.617000+00:00,9181,1223
14,18,2023-10-29T21:33:31.257000+00:00,9181,1223
16,3,2023-10-29T21:23:22.768000+00:00,9181,1223
18,17,2023-10-29T22:00:10.167000+00:00,9181,1223
20,19,2023-10-29T20:49:46.866000+00:00,9181,1223
22,12,2023-10-29T22:07:08.425000+00:00,9181,1223
23,9,2023-10-29T21:36:06.286000+00:00,9181,1223
24,15,2023-10-29T22:07:11.238000+00:00,9181,1223
27,13,2023-10-29T22:07:09.753000+00:00,9181,1223
31,10,2023-10-29T21:59:56.229000+00:00,9181,1223
44,2,2023-10-29T21:23:22.768000+00:00,9181,1223
55,4,2023-10-29T20:47:25.728000+00:00,9181,1223
63,6,2023-10-29T22:00:53.307000+00:00,9181,1223
77,14,2023-10-29T22:07:10.034000+00:00,9181,1223
81,8,2023-10-29T21:45:42.807000+00:00,9181,1223
1,1,2023-11-05T18:46:38.298000+00:00,9205,1224
2,11,2023-11-05T18:44:07.159000+00:00,9205,1224
3,13,2023-11-05T18:46:24.610000+00:00,9205,1224
4,2,2023-11-05T18:46:38.298000+00:00,9205,1224
10,7,2023-11-05T18:42:22.832000+00:00,9205,1224
11,4,2023-11-05T19:00:46.163000+00:00,9205,1224
14,3,2023-11-05T19:00:46.163000+00:00,9205,1224
16,18,2023-11-05T17:03:58.465000+00:00,9205,1224
18,5,2023-11-05T18:41:02.630000+00:00,9205,1224
20,19,2023-11-05T17:03:56.872000+00:00,9205,1224
22,9,2023-11-05T18:43:53.784000+00:00,9205,1224
23,20,2023-11-05T17:03:56.872000+00:00,9205,1224
24,17,2023-11-05T18:01:20.235000+00:00,9205,1224
27,12,2023-11-05T18:45:37.533000+00:00,9205,1224
31,10,2023-11-05T18:44:01.722000+00:00,9205,1224
44,8,2023-11-05T18:42:25.473000+00:00,9205,1224
55,6,2023-11-05T18:42:20.754000+00:00,9205,1224
63,15,2023-11-05T18:46:33.001000+00:00,9205,1224
77,16,2023-11-05T18:23:17.564000+00:00,9205,1224
81,14,2023-11-05T18:46:33.001000+00:00,9205,1224
1,1,2023-11-19T07:12:23.202000+00:00,9189,1225
2,16,2023-11-19T07:27:31.170000+00:00,9189,1225
3,14,2023-11-19T07:32:25.009000+00:00,9189,1225
4,20,2023-11-19T06:11:10.173000+00:00,9189,1225
10,11,2023-11-19T07:30:31.073000+00:00,9189,1225
11,3,2023-11-19T07:33:15.742000+00:00,9189,1225
14,9,2023-11-19T07:27:11.280000+00:00,9189,1225
16,2,2023-11-19T07:33:15.742000+00:00,9189,1225
18,5,2023-11-19T07:33:33.742000+00:00,9189,1225
20,13,2023-11-19T07:27:27.592000+00:00,9189,1225
22,18,2023-11-19T07:29:43.402000+00:00,9189,1225
23,12,2023-11-19T07:17:31.259000+00:00,9189,1225
24,15,2023-11-19T07:32:25.009000+00:00,9189,1225
27,19,2023-11-19T07:28:04.169000+00:00,9189,1225
31,4,2023-11-19T07:33:32.929000+00:00,9189,1225
44,7,2023-11-19T07:33:35.367000+00:00,9189,1225
55,6,2023-11-19T07:33:34.523000+00:00,9189,1225
63,8,2023-11-19T07:33:35.367000+00:00,9189,1225
77,17,2023-11-19T07:29:43.402000+00:00,9189,1225
81,10,2023-11-19T07:30:31.073000+00:00,9189,1225
1,1,2023-11-26T13:38:25.932000+00:00,9197,1226
2,16,2023-11-26T14:31:56.411000+00:00,9197,1226
3,11,2023-11-26T14:29:55.881000+00:00,9197,1226
4,5,2023-11-26T14:16:05.250000+00:00,9197,1226
10,13,2023-11-26T14:30:09.428000+00:00,9197,1226
11,4,2023-11-26T14:31:51.505000+00:00,9197,1226
14,7,2023-11-26T14:28:10.382000+00:00,9197,1226
16,2,2023-11-26T14:31:51.505000+00:00,9197,1226
18,10,2023-11-26T14:28:25.070000+00:00,9197,1226
20,20,2023-11-26T14:15:36.141000+00:00,9197,1226
22,8,2023-11-26T14:28:10.382000+00:00,9197,1226
23,14,2023-11-26T14:30:13.068000+00:00,9197,1226
24,17,2023-11-26T14:31:58.114000+00:00,9197,1226
27,15,2023-11-26T14:31:52.348000+00:00,9197,1226
31,12,2023-11-26T14:30:04.412000+00:00,9197,1226
44,9,2023-11-26T14:14:54.594000+00:00,9197,1226
55,18,2023-11-26T14:31:58.114000+00:00,9197,1226
63,3,2023-11-26T14:31:51.505000+00:00,9197,1226
77,19,2023-11-26T14:20:03.935000+00:00,9197,1226
81,6,2023-11-26T14:16:12.937000+00:00,9197,1226
1,1,2024-03-01T16:51:58.934000+00:00,9468,1229
2,18,2024-03-01T16:18:38.873000+00:00,9468,1229
3,14,2024-03-01T16:41:02.738000+00:00,9468,1229
4,7,2024-03-01T17:01:09.329000+00:00,9468,1229
10,20,2024-03-01T16:10:03.517000+00:00,9468,1229
11,5,2024-03-01T17:01:09.329000+00:00,9468,1229
14,6,2024-03-01T17:01:09.329000+00:00,9468,1229
16,2,2024-03-01T16:52:42.597000+00:00,9468,1229
18,12,2024-03-01T16:41:02.738000+00:00,9468,1229
20,15,2024-03-01T16:40:54.269000+00:00,9468,1229
22,11,2024-03-01T16:41:02.738000+00:00,9468,1229
23,13,2024-03-01T16:41:02.738000+00:00,9468,1229
24,17,2024-03-01T16:18:38.873000+00:00,9468,1229
27,10,2024-03-01T16:59:09.197000+00:00,9468,1229
31,19,2024-03-01T16:11:00.453000+00:00,9468,1229
44,9,2024-03-01T17:01:09.329000+00:00,9468,1229
55,4,2024-03-01T17:01:01.958000+00:00,9468,1229
63,3,2024-03-01T17:00:23.301000+00:00,9468,1229
77,16,2024-03-01T16:18:38.873000+00:00,9468,1229
81,8,2024-03-01T17:01:09.329000+00:00,9468,1229
1,1,2024-03-08T17:57:25.574000+00:00,9476,1230
2,19,2024-03-08T17:18:15.911000+00:00,9476,1230
3,14,2024-03-08T17:44:11.197000+00:00,9476,1230
4,6,2024-03-08T18:05:22.342000+00:00,9476,1230
10,18,2024-03-08T17:18:15.911000+00:00,9476,1230
11,3,2024-03-08T18:05:22.342000+00:00,9476,1230
14,4,2024-03-08T18:05:22.342000+00:00,9476,1230
16,2,2024-03-08T18:05:22.342000+00:00,9476,1230
18,10,2024-03-08T18:05:00.131000+00:00,9476,1230
20,13,2024-03-08T17:44:11.197000+00:00,9476,1230
22,9,2024-03-08T18:05:00.131000+00:00,9476,1230
23,12,2024-03-08T17:44:11.197000+00:00,9476,1230
24,20,2024-03-08T17:09:24.476000+00:00,9476,1230
27,15,2024-03-08T17:38:47.140000+00:00,9476,1230
31,17,2024-03-08T17:18:15.911000+00:00,9476,1230
38,11,2024-03-08T17:42:01.031000+00:00,9476,1230
44,8,2024-03-08T18:04:25.935000+00:00,9476,1230
63,7,2024-03-08T18:04:36.249000+00:00,9476,1230
77,16,2024-03-08T17:17:50.628000+00:00,9476,1230
81,5,2024-03-08T18:05:22.342000+00:00,9476,1230
1,1,2024-03-23T05:52:14.552000+00:00,9484,1231
3,18,2024-03-23T05:19:01.157000+00:00,9484,1231
4,4,2024-03-23T06:00:00.134000+00:00,9484,1231
10,17,2024-03-23T05:19:01.157000+00:00,9484,1231
11,3,2024-03-23T05:59:44.478000+00:00,9484,1231
14,10,2024-03-23T05:57:21.704000+00:00,9484,1231
16,5,2024-03-23T06:00:00.134000+00:00,9484,1231
18,9,2024-03-23T06:00:30.702000+00:00,9484,1231
20,14,2024-03-23T05:40:03.727000+00:00,9484,1231
22,8,2024-03-23T06:00:30.702000+00:00,9484,1231
23,12,2024-03-23T05:40:03.727000+00:00,9484,1231
24,19,2024-03-23T05:18:27.958000+00:00,9484,1231
27,16,2024-03-23T05:19:01.157000+00:00,9484,1231
31,15,2024-03-23T05:32:00.688000+00:00,9484,1231
44,11,2024-03-23T05:40:10.863000+00:00,9484,1231
55,2,2024-03-23T05:59:44.478000+00:00,9484,1231
63,7,2024-03-23T05:52:28.246000+00:00,9484,1231
77,13,2024-03-23T05:40:03.727000+00:00,9484,1231
81,6,2024-03-23T06:00:00.134000+00:00,9484,1231
1,1,2024-04-06T06:51:48.206000+00:00,9492,1232
2,19,2024-04-06T06:18:36.284000+00:00,9492,1232
3,11,2024-04-06T06:40:31.518000+00:00,9492,1232
4,3,2024-04-06T06:59:31.515000+00:00,9492,1232
10,17,2024-04-06T06:18:36.284000+00:00,9492,1232
11,2,2024-04-06T06:59:31.515000+00:00,9492,1232
14,5,2024-04-06T07:00:19.960000+00:00,9492,1232
16,8,2024-04-06T07:00:19.960000+00:00,9492,1232
18,16,2024-04-06T06:18:57.878000+00:00,9492,1232
20,18,2024-04-06T06:18:36.284000+00:00,9492,1232
22,10,2024-04-06T06:56:44.093000+00:00,9492,1232
23,14,2024-04-06T06:40:37.991000+00:00,9492,1232
24,20,2024-04-06T06:10:48.385000+00:00,9492,1232
27,12,2024-04-06T06:40:31.518000+00:00,9492,1232
31,15,2024-04-06T06:40:37.991000+00:00,9492,1232
44,7,2024-04-06T07:00:19.960000+00:00,9492,1232
55,4,2024-04-06T06:52:38.629000+00:00,9492,1232
63,9,2024-04-06T06:56:44.093000+00:00,9492,1232
77,13,2024-04-06T06:40:37.991000+00:00,9492,1232
81,6,2024-04-06T07:00:19.960000+00:00,9492,1232
1,1,2024-04-20T08:04:00.627000+00:00,9664,1233
2,20,2024-04-20T07:18:21.458000+00:00,9664,1233
3,12,2024-04-20T07:52:45.101000+00:00,9664,1233
4,4,2024-04-20T08:13:08.009000+00:00,9664,1233
10,15,2024-04-20T07:52:17.584000+00:00,9664,1233
11,2,2024-04-20T08:13:08.009000+00:00,9664,1233
14,3,2024-04-20T08:13:08.009000+00:00,9664,1233
16,6,2024-04-20T08:13:08.009000+00:00,9664,1233
18,11,2024-04-20T07:52:45.101000+00:00,9664,1233
20,17,2024-04-20T07:19:21.977000+00:00,9664,1233
22,19,2024-04-20T07:19:05.301000+00:00,9664,1233
23,14,2024-04-20T07:52:17.584000+00:00,9664,1233
24,16,2024-04-20T07:19:21.977000+00:00,9664,1233
27,9,2024-04-20T08:12:10.361000+00:00,9664,1233
31,13,2024-04-20T07:52:17.584000+00:00,9664,1233
44,18,2024-04-20T07:19:21.977000+00:00,9664,1233
55,7,2024-04-20T08:13:08.009000+00:00,9664,1233
63,8,2024-04-20T08:13:08.009000+00:00,9664,1233
77,10,2024-04-20T07:52:45.101000+00:00,9664,1233
81,5,2024-04-20T08:13:08.009000+00:00,9664,1233
1,1,2024-05-04T20:52:22.829000+00:00,9498,1234
2,17,2024-05-04T20:19:27.557000+00:00,9498,1234
3,18,2024-05-04T20:19:20.442000+00:00,9498,1234
4,5,2024-05-04T21:00:46.719000+00:00,9498,1234
10,12,2024-05-04T20:40:12.778000+00:00,9498,1234
11,4,2024-05-04T21:00:15.428000+00:00,9498,1234
14,15,2024-05-04T20:41:18.903000+00:00,9498,1234
16,2,2024-05-04T20:52:38.683000+00:00,9498,1234
18,11,2024-05-04T20:40:26.972000+00:00,9498,1234
20,19,2024-05-04T20:19:20.442000+00:00,9498,1234
22,10,2024-05-04T21:01:17.463000+00:00,9498,1234
23,14,2024-05-04T20:41:18.903000+00:00,9498,1234
24,20,2024-05-04T20:18:16.475000+00:00,9498,1234
27,9,2024-05-04T21:01:17.463000+00:00,9498,1234
31,13,2024-05-04T20:40:12.778000+00:00,9498,1234
44,8,2024-05-04T21:01:17.463000+00:00,9498,1234
55,3,2024-05-04T20:52:44.255000+00:00,9498,1234
63,7,2024-05-04T20:52:57.652000+00:00,9498,1234
77,16,2024-05-04T20:19:27.557000+00:00,9498,1234
81,6,2024-05-04T21:00:46.719000+00:00,9498,1234
1,1,2024-05-18T14:51:09.331000+00:00,9511,1235
2,20,2024-05-18T14:21:49.094000+00:00,9511,1235
3,9,2024-05-18T15:00:07.959000+00:00,9511,1235
4,3,2024-05-18T15:00:50.357000+00:00,9511,1235
10,15,2024-05-18T14:39:32.386000+00:00,9511,1235
11,11,2024-05-18T14:39:44.120000+00:00,9511,1235
14,19,2024-05-18T14:21:49.094000+00:00,9511,1235
16,4,2024-05-18T15:00:50.357000+00:00,9511,1235
18,13,2024-05-18T14:39:32.386000+00:00,9511,1235
20,18,2024-05-18T14:21:49.094000+00:00,9511,1235
22,7,2024-05-18T14:52:17.408000+00:00,9511,1235
23,14,2024-05-18T14:39:32.386000+00:00,9511,1235
24,17,2024-05-18T14:21:49.094000+00:00,9511,1235
27,10,2024-05-18T14:59:28.833000+00:00,9511,1235
31,12,2024-05-18T14:39:44.120000+00:00,9511,1235
44,8,2024-05-18T15:00:07.959000+00:00,9511,1235
55,5,2024-05-18T14:52:05.740000+00:00,9511,1235
63,6,2024-05-18T14:52:17.408000+00:00,9511,1235
77,16,2024-05-18T14:18:27.475000+00:00,9511,1235
81,2,2024-05-18T15:00:50.357000+00:00,9511,1235
1,6,2024-05-25T14:59:56.263000+00:00,9519,1236
2,17,2024-05-25T14:51:29.623000+00:00,9519,1236
3,13,2024-05-25T14:51:29.623000+00:00,9519,1236
4,4,2024-05-25T14:59:56.263000+00:00,9519,1236
10,10,2024-05-25T14:59:19.884000+00:00,9519,1236
11,18,2024-05-25T14:51:29.623000+00:00,9519,1236
14,16,2024-05-25T14:51:29.623000+00:00,9519,1236
16,1,2024-05-25T14:51:29.491000+00:00,9519,1236
18,14,2024-05-25T14:51:29.623000+00:00,9519,1236
20,15,2024-05-25T14:51:29.623000+00:00,9519,1236
22,8,2024-05-25T14:59:56.263000+00:00,9519,1236
23,9,2024-05-25T14:59:19.884000+00:00,9519,1236
24,20,2024-05-25T14:51:29.623000+00:00,9519,1236
27,12,2024-05-25T14:51:29.623000+00:00,9519,1236
31,11,2024-05-25T14:51:29.623000+00:00,9519,1236
44,7,2024-05-25T14:59:56.263000+00:00,9519,1236
55,3,2024-05-25T14:59:50.055000+00:00,9519,1236
63,5,2024-05-25T14:59:56.263000+00:00,9519,1236
77,19,2024-05-25T14:51:29.623000+00:00,9519,1236
81,2,2024-05-25T14:51:42.655000+00:00,9519,1236
1,2,2024-06-08T21:00:26.063000+00:00,9527,1237
2,13,2024-06-08T20:40:06.826000+00:00,9527,1237
3,5,2024-06-08T21:00:26.063000+00:00,9527,1237
4,3,2024-06-08T21:00:26.063000+00:00,9527,1237
10,15,2024-06-08T20:31:55.581000+00:00,9527,1237
11,16,2024-06-08T20:18:36.068000+00:00,9527,1237
14,6,2024-06-08T21:00:26.063000+00:00,9527,1237
16,11,2024-06-08T20:40:06.826000+00:00,9527,1237
18,9,2024-06-08T21:00:14.685000+00:00,9527,1237
20,14,2024-06-08T20:39:57.934000+00:00,9527,1237
22,8,2024-06-08T21:00:14.685000+00:00,9527,1237
23,10,2024-06-08T21:00:14.685000+00:00,9527,1237
24,20,2024-06-08T20:17:40.296000+00:00,9527,1237
27,19,2024-06-08T20:17:40.296000+00:00,9527,1237
31,18,2024-06-08T20:18:36.068000+00:00,9527,1237
44,7,2024-06-08T21:00:26.063000+00:00,9527,1237
55,12,2024-06-08T20:40:06.826000+00:00,9527,1237
63,1,2024-06-08T20:53:18.056000+00:00,9527,1237
77,17,2024-06-08T20:18:36.068000+00:00,9527,1237
81,4,2024-06-08T21:00:26.063000+00:00,9527,1237
1,1,2024-03-02T14:03:47.739000+00:00,9472,1229
2,20,2024-03-02T15:20:49.151000+00:00,9472,1229
3,13,2024-03-02T16:29:07.991000+00:00,9472,1229
4,6,2024-03-02T16:02:48.969000+00:00,9472,1229
10,18,2024-03-02T16:16:39.522000+00:00,9472,1229
11,2,2024-03-02T15:30:05.086000+00:00,9472,1229
14,9,2024-03-02T16:22:27.126000+00:00,9472,1229
16,4,2024-03-02T16:18:36.521000+00:00,9472,1229
18,10,2024-03-02T16:22:27.126000+00:00,9472,1229
20,12,2024-03-02T16:06:35.380000+00:00,9472,1229
22,14,2024-03-02T16:29:07.991000+00:00,9472,1229
23,15,2024-03-02T16:13:09.368000+00:00,9472,1229
24,11,2024-03-02T16:16:07.645000+00:00,9472,1229
27,16,2024-03-02T16:26:10.559000+00:00,9472,1229
31,17,2024-03-02T16:26:10.559000+00:00,9472,1229
44,7,2024-03-02T16:07:39.415000+00:00,9472,1229
55,3,2024-03-02T15:33:20.251000+00:00,9472,1229
63,5,2024-03-02T16:18:36.521000+00:00,9472,1229
77,19,2024-03-02T15:55:17.012000+00:00,9472,1229
81,8,2024-03-02T16:09:17.635000+00:00,9472,1229
1,1,2024-03-09T17:27:32.604000+00:00,9480,1230
2,15,2024-03-09T18:26:08.367000+00:00,9480,1230
3,16,2024-03-09T18:13:56.524000+00:00,9480,1230
4,8,2024-03-09T18:06:54.734000+00:00,9480,1230
10,20,2024-03-09T17:04:43.552000+00:00,9480,1230
11,2,2024-03-09T17:35:24.176000+00:00,9480,1230
14,5,2024-03-09T18:06:47.952000+00:00,9480,1230
16,3,2024-03-09T17:49:29.995000+00:00,9480,1230
18,19,2024-03-09T17:13:50.783000+00:00,9480,1230
20,12,2024-03-09T18:26:11.181000+00:00,9480,1230
22,14,2024-03-09T18:26:08.367000+00:00,9480,1230
23,11,2024-03-09T18:26:11.181000+00:00,9480,1230
24,18,2024-03-09T18:14:13.191000+00:00,9480,1230
27,10,2024-03-09T18:13:39.165000+00:00,9480,1230
31,13,2024-03-09T18:26:08.367000+00:00,9480,1230
38,7,2024-03-09T18:06:54.734000+00:00,9480,1230
44,9,2024-03-09T18:05:22.115000+00:00,9480,1230
63,6,2024-03-09T18:06:49.393000+00:00,9480,1230
77,17,2024-03-09T18:14:13.191000+00:00,9480,1230
81,4,2024-03-09T18:06:43.913000+00:00,9480,1230
1,19,2024-03-24T04:09:03.825000+00:00,9488,1231
3,12,2024-03-24T05:23:51.161000+00:00,9488,1231
4,3,2024-03-24T05:00:25.180000+00:00,9488,1231
10,13,2024-03-24T05:24:15.566000+00:00,9488,1231
11,5,2024-03-24T05:06:11.891000+00:00,9488,1231
14,6,2024-03-24T05:07:47.569000+00:00,9488,1231
16,2,2024-03-24T05:00:25.180000+00:00,9488,1231
18,7,2024-03-24T05:23:13.057000+00:00,9488,1231
20,10,2024-03-24T05:23:43.751000+00:00,9488,1231
22,8,2024-03-24T05:23:21.174000+00:00,9488,1231
23,11,2024-03-24T05:23:44.570000+00:00,9488,1231
24,15,2024-03-24T05:24:24+00:00,9488,1231
27,9,2024-03-24T05:23:34.976000+00:00,9488,1231
31,16,2024-03-24T05:24:33.596000+00:00,9488,1231
44,18,2024-03-24T04:26:29.472000+00:00,9488,1231
55,1,2024-03-24T04:06:04.021000+00:00,9488,1231
63,17,2024-03-24T05:24:33.596000+00:00,9488,1231
77,14,2024-03-24T05:24:21.984000+00:00,9488,1231
81,4,2024-03-24T05:00:38.246000+00:00,9488,1231
1,1,2024-04-07T06:31:15.611000+00:00,9496,1232
2,17,2024-04-07T06:41:07.852000+00:00,9496,1232
3,19,2024-04-07T05:04:24.774000+00:00,9496,1232
4,5,2024-04-07T06:44:13.337000+00:00,9496,1232
10,16,2024-04-07T06:41:07.852000+00:00,9496,1232
11,2,2024-04-07T06:32:58.208000+00:00,9496,1232
14,6,2024-04-07T06:38:04.307000+00:00,9496,1232
16,4,2024-04-07T06:47:22.277000+00:00,9496,1232
18,12,2024-04-07T06:58:13.256000+00:00,9496,1232
20,13,2024-04-07T06:51:50.093000+00:00,9496,1232
22,10,2024-04-07T06:27:19.587000+00:00,9496,1232
23,20,2024-04-07T05:04:24.774000+00:00,9496,1232
24,18,2024-04-07T05:46:00.583000+00:00,9496,1232
27,11,2024-04-07T06:58:13.256000+00:00,9496,1232
31,15,2024-04-07T06:40:56.976000+00:00,9496,1232
44,9,2024-04-07T06:38:12.826000+00:00,9496,1232
55,3,2024-04-07T06:47:22.277000+00:00,9496,1232
63,7,2024-04-07T06:58:51.961000+00:00,9496,1232
77,14,2024-04-07T06:48:37.550000+00:00,9496,1232
81,8,2024-04-07T06:58:51.961000+00:00,9496,1232
1,1,2024-04-21T07:35:54.472000+00:00,9673,1233
2,17,2024-04-21T08:44:11.137000+00:00,9673,1233
3,18,2024-04-21T08:06:43.549000+00:00,9673,1233
4,2,2024-04-21T07:46:34.829000+00:00,9673,1233
10,13,2024-04-21T08:40:36.662000+00:00,9673,1233
11,3,2024-04-21T08:16:29.508000+00:00,9673,1233
14,7,2024-04-21T08:33:34.837000+00:00,9673,1233
16,4,2024-04-21T08:16:29.508000+00:00,9673,1233
18,15,2024-04-21T08:46:16.562000+00:00,9673,1233
20,16,2024-04-21T08:46:16.562000+00:00,9673,1233
22,19,2024-04-21T07:55:29.940000+00:00,9673,1233
23,12,2024-04-21T08:26:56.282000+00:00,9673,1233
24,14,2024-04-21T08:40:38.201000+00:00,9673,1233
27,10,2024-04-21T08:30:15.645000+00:00,9673,1233
31,11,2024-04-21T08:28:35.748000+00:00,9673,1233
44,9,2024-04-21T08:33:34.837000+00:00,9673,1233
55,5,2024-04-21T08:23:19.118000+00:00,9673,1233
63,6,2024-04-21T08:23:20.760000+00:00,9673,1233
77,20,2024-04-21T07:38:39.608000+00:00,9673,1233
81,8,2024-04-21T08:33:34.837000+00:00,9673,1233
1,2,2024-05-05T20:47:27.238000+00:00,9507,1234
2,20,2024-05-05T20:48:53.930000+00:00,9507,1234
3,15,2024-05-05T21:35:05.073000+00:00,9507,1234
4,1,2024-05-05T20:45:36.436000+00:00,9507,1234
10,12,2024-05-05T21:18:00.474000+00:00,9507,1234
11,5,2024-05-05T21:08:33.994000+00:00,9507,1234
14,9,2024-05-05T21:21:02.664000+00:00,9507,1234
16,3,2024-05-05T20:47:29.484000+00:00,9507,1234
18,17,2024-05-05T21:35:06.500000+00:00,9507,1234
20,18,2024-05-05T21:28:57.708000+00:00,9507,1234
22,7,2024-05-05T21:08:36.607000+00:00,9507,1234
23,19,2024-05-05T21:28:57.708000+00:00,9507,1234
24,14,2024-05-05T21:35:04.117000+00:00,9507,1234
27,11,2024-05-05T21:18:00.474000+00:00,9507,1234
31,10,2024-05-05T21:21:02.664000+00:00,9507,1234
44,6,2024-05-05T21:08:34.590000+00:00,9507,1234
55,4,2024-05-05T21:06:59.930000+00:00,9507,1234
63,8,2024-05-05T21:08:37.762000+00:00,9507,1234
77,16,2024-05-05T21:35:06.500000+00:00,9507,1234
81,13,2024-05-05T21:35:03.773000+00:00,9507,1234
1,1,2024-05-19T13:41:36.878000+00:00,9515,1235
2,17,2024-05-19T14:28:12.180000+00:00,9515,1235
3,13,2024-05-19T14:29:08.720000+00:00,9515,1235
4,2,2024-05-19T13:41:42.909000+00:00,9515,1235
10,16,2024-05-19T14:28:10.207000+00:00,9515,1235
11,8,2024-05-19T14:01:27.640000+00:00,9515,1235
14,19,2024-05-19T14:25:23.884000+00:00,9515,1235
16,3,2024-05-19T13:41:46.551000+00:00,9515,1235
18,9,2024-05-19T14:12:26.002000+00:00,9515,1235
20,12,2024-05-19T14:29:08.720000+00:00,9515,1235
22,10,2024-05-19T14:12:26.002000+00:00,9515,1235
23,20,2024-05-19T13:16:21.376000+00:00,9515,1235
24,15,2024-05-19T14:26:44.225000+00:00,9515,1235
27,11,2024-05-19T14:07:01.542000+00:00,9515,1235
31,14,2024-05-19T14:25:20.267000+00:00,9515,1235
44,6,2024-05-19T14:14:26.345000+00:00,9515,1235
55,5,2024-05-19T13:44:34.922000+00:00,9515,1235
63,7,2024-05-19T14:14:26.345000+00:00,9515,1235
77,18,2024-05-19T14:28:12.180000+00:00,9515,1235
81,4,2024-05-19T13:41:47.919000+00:00,9515,1235
1,6,2024-05-26T13:44:14.176000+00:00,9523,1236
2,15,2024-05-26T15:16:23.729000+00:00,9523,1236
3,12,2024-05-26T14:49:32.396000+00:00,9523,1236
4,4,2024-05-26T13:44:14.176000+00:00,9523,1236
10,10,2024-05-26T13:44:46.278000+00:00,9523,1236
11,18,2024-05-26T13:04:19.964000+00:00,9523,1236
14,11,2024-05-26T14:49:31.974000+00:00,9523,1236
16,1,2024-05-26T12:08:08.494000+00:00,9523,1236
18,14,2024-05-26T15:00:26.117000+00:00,9523,1236
20,20,2024-05-26T12:08:08.494000+00:00,9523,1236
22,8,2024-05-26T13:44:14.176000+00:00,9523,1236
23,9,2024-05-26T13:44:46.278000+00:00,9523,1236
24,16,2024-05-26T15:16:23.729000+00:00,9523,1236
27,19,2024-05-26T12:08:08.494000+00:00,9523,1236
31,17,2024-05-26T13:45:17.660000+00:00,9523,1236
44,7,2024-05-26T13:44:14.176000+00:00,9523,1236
55,3,2024-05-26T13:44:14.176000+00:00,9523,1236
63,5,2024-05-26T13:44:14.176000+00:00,9523,1236
77,13,2024-05-26T14:53:40.175000+00:00,9523,1236
81,2,2024-05-26T12:08:08.494000+00:00,9523,1236
1,1,2024-06-09T19:17:06.644000+00:00,9531,1237
2,20,2024-06-09T18:13:36.214000+00:00,9531,1237
3,8,2024-06-09T19:45:36.581000+00:00,9531,1237
4,2,2024-06-09T19:21:08.258000+00:00,9531,1237
10,9,2024-06-09T19:48:12.945000+00:00,9531,1237
11,18,2024-06-09T19:25:29.877000+00:00,9531,1237
14,6,2024-06-09T19:11:43.498000+00:00,9531,1237
16,19,2024-06-09T18:48:00.228000+00:00,9531,1237
18,7,2024-06-09T19:22:58.895000+00:00,9531,1237
20,12,2024-06-09T19:44:23.847000+00:00,9531,1237
22,14,2024-06-09T19:44:24.435000+00:00,9531,1237
23,17,2024-06-09T19:27:31.726000+00:00,9531,1237
24,15,2024-06-09T19:27:31.726000+00:00,9531,1237
27,11,2024-06-09T19:44:23.074000+00:00,9531,1237
31,10,2024-06-09T19:48:12.945000+00:00,9531,1237
44,4,2024-06-09T19:46:33.815000+00:00,9531,1237
55,16,2024-06-09T19:27:31.726000+00:00,9531,1237
63,3,2024-06-09T19:46:33.815000+00:00,9531,1237
77,13,2024-06-09T19:44:24.435000+00:00,9531,1237
81,5,2024-06-09T19:44:03.086000+00:00,9531,1237
